,train,val,test
0,S101_SC0_P55_LKPG15,S155_SC0_P68_LKPG13,S34_SC0_P94_LKPG15
1,S101_SC0_P56_LKPG15,S155_SC0_P69_LKPG13,S95_SC0_P65_LKPG15
2,S101_SC0_P57_LKPG15,S155_SC0_P72_LKPG13,S95_SC0_P60_LKPG15
3,S101_SC0_P58_LKPG15,S243_SC0_P1_LKPG10,S187_SC0_P65_LKPG7
4,S104_SC0_P77_LKPG12,S243_SC0_P2_LKPG10,S187_SC0_P66_LKPG7
5,S104_SC0_P80_LKPG16,S243_SC0_P4_LKPG10,S187_SC0_P61_LKPG7
6,S115_SC0_P52_LKPG15,S60_SC0_P35_LKPG8,S187_SC0_P62_LKPG7
7,S115_SC0_P53_LKPG15,S234_SC0_P48_LKPG14,S244_SC0_P11_LKPG10
8,S116_SC0_P41_LKPG5,S14_SC0_P20_LKPG8,S190_SC0_P73_LKPG7
9,S116_SC0_P42_LKPG5,S14_SC0_P22_LKPG8,S190_SC0_P74_LKPG7
10,S116_SC0_P43_LKPG5,S14_SC0_P23_LKPG8,S190_SC0_P71_LKPG7
11,S116_SC0_P44_LKPG5,S276_SC0_P30_LKPG3,S190_SC0_P72_LKPG7
12,S117_SC0_P84_LKPG11,S272_SC0_P11_LKPG11,S128_SC0_P85_LKPG5
13,S117_SC0_P85_LKPG11,S272_SC0_P6_LKPG11,S139_SC0_P53_LKPG13
14,S117_SC0_P86_LKPG11,S272_SC0_P9_LKPG11,S61_SC0_P92_LKPG2
15,S119_SC0_P53_LKPG5,S125_SC0_P72_LKPG5,S107_SC0_P16_LKPG5
16,S124_SC0_P68_LKPG5,S263_SC0_P73_LKPG10,S33_SC0_P11_LKPG16
17,S131_SC0_P98_LKPG5,S263_SC0_P75_LKPG10,S33_SC0_P12_LKPG16
18,S136_SC0_P23_LKPG6,S263_SC0_P76_LKPG10,S33_SC0_P13_LKPG16
19,S138_SC0_P29_LKPG6,S257_SC0_P44_LKPG10,S33_SC0_P9_LKPG16
20,S138_SC0_P30_LKPG6,S239_SC0_P76_LKPG9,S147_SC0_P65_LKPG6
21,S138_SC0_P31_LKPG6,S57_SC0_P12_LKPG2,S147_SC0_P66_LKPG6
22,S138_SC0_P32_LKPG6,S57_SC0_P13_LKPG2,S147_SC0_P67_LKPG6
23,S138_SC0_P26_LKPG6,S170_SC0_P80_LKPG13,S147_SC0_P68_LKPG6
24,S13_SC0_P65_LKPG1,S25_SC0_P54_LKPG3,S147_SC0_P69_LKPG6
25,S13_SC0_P68_LKPG1,S25_SC0_P49_LKPG11,S160_SC0_P11_LKPG7
26,S143_SC0_P48_LKPG6,S213_SC0_P72_LKPG8,S160_SC0_P6_LKPG7
27,S151_SC0_P78_LKPG6,S72_SC0_P1_LKPG4,S160_SC0_P8_LKPG7
28,S151_SC0_P79_LKPG6,S223_SC0_P2_LKPG9,S196_SC0_P14_LKPG14
29,S154_SC0_P86_LKPG6,S11_SC0_P56_LKPG1,S196_SC0_P15_LKPG14
30,S15_SC0_P99_LKPG15,S11_SC0_P58_LKPG1,S196_SC0_P17_LKPG14
31,S162_SC0_P1_LKPG13,S241_SC0_P86_LKPG9,S196_SC0_P18_LKPG14
32,S162_SC0_P5_LKPG13,S241_SC0_P87_LKPG9,S121_SC0_P55_LKPG5
33,S162_SC0_P6_LKPG13,S241_SC0_P88_LKPG9,S221_SC0_P88_LKPG8
34,S167_SC0_P38_LKPG12,S241_SC0_P89_LKPG9,S36_SC0_P91_LKPG3
35,S167_SC0_P65_LKPG16,S241_SC0_P90_LKPG9,S36_SC0_P92_LKPG3
36,S167_SC0_P61_LKPG16,S51_SC0_P84_LKPG1,S36_SC0_P94_LKPG3
37,S167_SC0_P62_LKPG16,S51_SC0_P85_LKPG1,S230_SC0_P37_LKPG9
38,S16_SC0_P69_LKPG1,S51_SC0_P86_LKPG1,S230_SC0_P38_LKPG9
39,S173_SC0_P39_LKPG11,S90_SC0_P15_LKPG8,S230_SC0_P39_LKPG9
40,S178_SC0_P50_LKPG11,S90_SC0_P18_LKPG8,S127_SC0_P44_LKPG15
41,S180_SC0_P47_LKPG7,S191_SC0_P12_LKPG14,S127_SC0_P45_LKPG15
42,S180_SC0_P49_LKPG7,S46_SC0_P55_LKPG2,S106_SC0_P11_LKPG5
43,S180_SC0_P43_LKPG7,S46_SC0_P53_LKPG2,S106_SC0_P12_LKPG5
44,S189_SC0_P70_LKPG7,S46_SC0_P54_LKPG2,S106_SC0_P13_LKPG5
45,S193_SC0_P83_LKPG7,S92_SC0_P96_LKPG11,S106_SC0_P14_LKPG5
46,S193_SC0_P84_LKPG7,S105_SC0_P4_LKPG5,S50_SC0_P32_LKPG2
47,S193_SC0_P85_LKPG7,S105_SC0_P6_LKPG5,S177_SC0_P16_LKPG15
48,S193_SC0_P86_LKPG7,S100_SC0_P86_LKPG4,S177_SC0_P17_LKPG15
49,S193_SC0_P80_LKPG7,S100_SC0_P87_LKPG4,S211_SC0_P83_LKPG12
50,S200_SC0_P48_LKPG11,S100_SC0_P88_LKPG4,S211_SC0_P84_LKPG12
51,S206_SC0_P48_LKPG8,S18_SC0_P77_LKPG1,S211_SC0_P79_LKPG12
52,S217_SC0_P68_LKPG16,S18_SC0_P78_LKPG1,S211_SC0_P80_LKPG12
53,S219_SC0_P58_LKPG14,S18_SC0_P79_LKPG1,S211_SC0_P83_LKPG16
54,S219_SC0_P59_LKPG14,S18_SC0_P80_LKPG1,S211_SC0_P84_LKPG16
55,S219_SC0_P60_LKPG14,S195_SC0_P32_LKPG16,S211_SC0_P85_LKPG16
56,S225_SC0_P6_LKPG9,S195_SC0_P33_LKPG16,S114_SC0_P75_LKPG11
57,S228_SC0_P29_LKPG9,S195_SC0_P34_LKPG16,S240_SC0_P84_LKPG9
58,S228_SC0_P24_LKPG9,S195_SC0_P35_LKPG16,S240_SC0_P79_LKPG9
59,S228_SC0_P25_LKPG9,S125_SC1_P73_LKPG5,S69_SC0_P19_LKPG13
60,S228_SC0_P26_LKPG9,S125_SC1_P74_LKPG5,S69_SC0_P20_LKPG13
61,S229_SC0_P30_LKPG9,S125_SC1_P71_LKPG5,S69_SC0_P21_LKPG13
62,S229_SC0_P31_LKPG9,S125_SC1_P94_LKPG13,S69_SC0_P18_LKPG13
63,S229_SC0_P32_LKPG9,S73_SC1_P77_LKPG15,S144_SC0_P65_LKPG13
64,S229_SC0_P33_LKPG9,S73_SC1_P80_LKPG15,S144_SC0_P66_LKPG13
65,S232_SC0_P48_LKPG9,S226_SC1_P53_LKPG14,S144_SC0_P61_LKPG13
66,S232_SC0_P51_LKPG9,S226_SC1_P54_LKPG14,S144_SC0_P62_LKPG13
67,S233_SC0_P55_LKPG9,S56_SC1_P2_LKPG2,S281_SC0_P23_LKPG14
68,S236_SC0_P30_LKPG12,S56_SC1_P4_LKPG2,S184_SC0_P1_LKPG14
69,S236_SC0_P94_LKPG16,S56_SC1_P8_LKPG2,S184_SC0_P2_LKPG14
70,S238_SC0_P73_LKPG9,S110_SC1_P30_LKPG5,S184_SC0_P4_LKPG14
71,S238_SC0_P69_LKPG9,S110_SC1_P25_LKPG5,S123_SC0_P64_LKPG5
72,S238_SC0_P70_LKPG9,S110_SC1_P26_LKPG5,S123_SC0_P60_LKPG5
73,S238_SC0_P71_LKPG9,S112_SC1_P48_LKPG16,S123_SC0_P61_LKPG5
74,S245_SC0_P38_LKPG14,S112_SC1_P51_LKPG16,S123_SC0_P62_LKPG5
75,S245_SC0_P40_LKPG14,S252_SC1_P31_LKPG10,S31_SC0_P74_LKPG3
76,S247_SC0_P42_LKPG14,S252_SC1_P33_LKPG10,S31_SC0_P75_LKPG3
77,S24_SC0_P47_LKPG3,S158_SC1_P73_LKPG13,S31_SC0_P76_LKPG3
78,S24_SC0_P48_LKPG3,S158_SC1_P75_LKPG13,S31_SC0_P77_LKPG3
79,S255_SC0_P37_LKPG10,S158_SC1_P76_LKPG13,S31_SC0_P78_LKPG3
80,S255_SC0_P38_LKPG10,S4_SC1_P19_LKPG1,S79_SC0_P11_LKPG12
81,S255_SC0_P34_LKPG10,S4_SC1_P20_LKPG1,S79_SC0_P13_LKPG12
82,S255_SC0_P35_LKPG10,S4_SC1_P21_LKPG1,S79_SC0_P8_LKPG12
83,S256_SC0_P40_LKPG10,S4_SC1_P22_LKPG1,S79_SC0_P9_LKPG12
84,S256_SC0_P41_LKPG10,S4_SC1_P18_LKPG1,S150_SC0_P73_LKPG6
85,S256_SC0_P43_LKPG10,S215_SC1_P66_LKPG16,S222_SC0_P94_LKPG8
86,S261_SC0_P68_LKPG10,S270_SC1_P90_LKPG11,S222_SC0_P96_LKPG8
87,S261_SC0_P69_LKPG10,S40_SC1_P25_LKPG8,S222_SC0_P1_LKPG9
88,S261_SC0_P70_LKPG10,S40_SC1_P26_LKPG8,S27_SC0_P2_LKPG16
89,S261_SC0_P71_LKPG10,S41_SC1_P73_LKPG2,S74_SC0_P15_LKPG16
90,S261_SC0_P72_LKPG10,S41_SC1_P74_LKPG2,S74_SC0_P16_LKPG16
91,S262_SC0_P31_LKPG14,S99_SC1_P83_LKPG4,S181_SC0_P98_LKPG7
92,S266_SC0_P91_LKPG10,S99_SC1_P84_LKPG4,S181_SC0_P2_LKPG8
93,S266_SC0_P92_LKPG10,S99_SC1_P78_LKPG4,S181_SC0_P4_LKPG8
94,S266_SC0_P90_LKPG10,S99_SC1_P79_LKPG4,S87_SC0_P40_LKPG4
95,S269_SC0_P25_LKPG14,S121_SC1_P56_LKPG5,S197_SC0_P91_LKPG7
96,S274_SC0_P19_LKPG11,S121_SC1_P57_LKPG5,S197_SC0_P89_LKPG7
97,S274_SC0_P17_LKPG11,S121_SC1_P58_LKPG5,S10_SC0_P50_LKPG1
98,S274_SC0_P18_LKPG11,S121_SC1_P59_LKPG5,S10_SC0_P51_LKPG1
99,S283_SC0_P37_LKPG15,S167_SC1_P60_LKPG16,S10_SC0_P53_LKPG1
100,S283_SC0_P38_LKPG15,S131_SC1_P2_LKPG6,S76_SC0_P6_LKPG4
101,S283_SC0_P34_LKPG15,S222_SC1_P92_LKPG8,S224_SC0_P31_LKPG12
102,S283_SC0_P35_LKPG15,S274_SC1_P20_LKPG11,S224_SC0_P32_LKPG12
103,S2_SC0_P12_LKPG1,S168_SC1_P30_LKPG7,S224_SC0_P35_LKPG12
104,S2_SC0_P9_LKPG1,S168_SC1_P31_LKPG7,S224_SC0_P59_LKPG16
105,S37_SC0_P90_LKPG3,S168_SC1_P32_LKPG7,S208_SC0_P55_LKPG8
106,S38_SC0_P5_LKPG8,S168_SC1_P33_LKPG7,S111_SC0_P31_LKPG5
107,S38_SC0_P6_LKPG8,S96_SC1_P65_LKPG4,S111_SC0_P32_LKPG5
108,S38_SC0_P8_LKPG8,S96_SC1_P66_LKPG4,S111_SC0_P33_LKPG5
109,S38_SC0_P9_LKPG8,S96_SC1_P67_LKPG4,S111_SC0_P34_LKPG5
110,S3_SC0_P13_LKPG1,S96_SC1_P61_LKPG4,S111_SC0_P35_LKPG5
111,S3_SC0_P14_LKPG1,S96_SC1_P62_LKPG4,S8_SC1_P39_LKPG1
112,S3_SC0_P15_LKPG1,S198_SC1_P87_LKPG14,S8_SC1_P42_LKPG1
113,S3_SC0_P16_LKPG1,S198_SC1_P88_LKPG14,S97_SC1_P68_LKPG4
114,S40_SC0_P29_LKPG8,S198_SC1_P89_LKPG14,S97_SC1_P69_LKPG4
115,S40_SC0_P30_LKPG8,S198_SC1_P90_LKPG14,S97_SC1_P71_LKPG4
116,S40_SC0_P31_LKPG8,S91_SC1_P66_LKPG15,S97_SC1_P72_LKPG4
117,S41_SC0_P75_LKPG2,S91_SC1_P67_LKPG15,S172_SC1_P34_LKPG7
118,S41_SC0_P76_LKPG2,S91_SC1_P68_LKPG15,S172_SC1_P35_LKPG7
119,S41_SC0_P72_LKPG2,S91_SC1_P69_LKPG15,S182_SC1_P52_LKPG7
120,S45_SC0_P58_LKPG2,S91_SC1_P70_LKPG15,S278_SC1_P17_LKPG9
121,S45_SC0_P59_LKPG2,S132_SC1_P11_LKPG6,S58_SC1_P15_LKPG2
122,S45_SC0_P60_LKPG2,S248_SC1_P12_LKPG10,S58_SC1_P16_LKPG2
123,S48_SC0_P42_LKPG2,S248_SC1_P13_LKPG10,S164_SC1_P19_LKPG7
124,S48_SC0_P43_LKPG2,S248_SC1_P14_LKPG10,S164_SC1_P21_LKPG7
125,S55_SC0_P92_LKPG1,S248_SC1_P15_LKPG10,S164_SC1_P22_LKPG7
126,S55_SC0_P94_LKPG1,S281_SC1_P21_LKPG14,S164_SC1_P18_LKPG7
127,S55_SC0_P58_LKPG16,S281_SC1_P22_LKPG14,S171_SC1_P19_LKPG15
128,S58_SC0_P19_LKPG2,S269_SC1_P29_LKPG14,S171_SC1_P20_LKPG15
129,S58_SC0_P17_LKPG2,S269_SC1_P26_LKPG14,S171_SC1_P21_LKPG15
130,S59_SC0_P20_LKPG2,S71_SC1_P31_LKPG3,S171_SC1_P22_LKPG15
131,S59_SC0_P21_LKPG2,S71_SC1_P32_LKPG3,S65_SC1_P13_LKPG3
132,S59_SC0_P22_LKPG2,S71_SC1_P33_LKPG3,S162_SC1_P2_LKPG13
133,S59_SC0_P23_LKPG2,S71_SC1_P90_LKPG13,S162_SC1_P4_LKPG13
134,S59_SC0_P24_LKPG2,S71_SC1_P91_LKPG16,S170_SC1_P83_LKPG13
135,S5_SC0_P23_LKPG1,S163_SC1_P11_LKPG13,S170_SC1_P78_LKPG13
136,S68_SC0_P23_LKPG13,S163_SC1_P12_LKPG13,S170_SC1_P79_LKPG13
137,S68_SC0_P24_LKPG13,S2_SC1_P11_LKPG1,S139_SC1_P56_LKPG13
138,S68_SC0_P25_LKPG13,S2_SC1_P8_LKPG1,S139_SC1_P54_LKPG13
139,S70_SC0_P19_LKPG3,S188_SC1_P94_LKPG14,S187_SC1_P60_LKPG7
140,S70_SC0_P20_LKPG3,S188_SC1_P95_LKPG14,S176_SC1_P89_LKPG13
141,S70_SC0_P21_LKPG3,S188_SC1_P1_LKPG15,S257_SC1_P47_LKPG10
142,S70_SC0_P22_LKPG3,S184_SC1_P5_LKPG14,S257_SC1_P48_LKPG10
143,S70_SC0_P99_LKPG16,S184_SC1_P6_LKPG14,S257_SC1_P49_LKPG10
144,S71_SC0_P91_LKPG13,S142_SC1_P47_LKPG6,S224_SC1_P33_LKPG12
145,S73_SC0_P76_LKPG15,S142_SC1_P42_LKPG6,S107_SC1_P19_LKPG5
146,S73_SC0_P78_LKPG15,S142_SC1_P43_LKPG6,S135_SC1_P19_LKPG6
147,S73_SC0_P79_LKPG15,S142_SC1_P44_LKPG6,S135_SC1_P20_LKPG6
148,S7_SC0_P37_LKPG1,S24_SC1_P50_LKPG3,S135_SC1_P17_LKPG6
149,S7_SC0_P38_LKPG1,S24_SC1_P51_LKPG3,S135_SC1_P18_LKPG6
150,S7_SC0_P34_LKPG1,S67_SC1_P17_LKPG3,S9_SC1_P49_LKPG1
151,S7_SC0_P35_LKPG1,S67_SC1_P18_LKPG3,S9_SC1_P44_LKPG1
152,S7_SC0_P36_LKPG1,S268_SC1_P95_LKPG10,S275_SC1_P30_LKPG16
153,S80_SC0_P19_LKPG4,S268_SC1_P96_LKPG10,S275_SC1_P31_LKPG16
154,S81_SC0_P20_LKPG4,S268_SC1_P98_LKPG10,S149_SC1_P30_LKPG15
155,S81_SC0_P21_LKPG4,S89_SC1_P48_LKPG4,S149_SC1_P31_LKPG15
156,S81_SC0_P22_LKPG4,S32_SC1_P84_LKPG3,S149_SC1_P32_LKPG15
157,S81_SC0_P23_LKPG4,S32_SC1_P79_LKPG3,S149_SC1_P33_LKPG15
158,S81_SC0_P24_LKPG4,S63_SC1_P55_LKPG16,S223_SC1_P4_LKPG9
159,S82_SC0_P24_LKPG16,S63_SC1_P56_LKPG16,S23_SC1_P43_LKPG3
160,S85_SC0_P31_LKPG13,S63_SC1_P52_LKPG16,S251_SC1_P32_LKPG11
161,S85_SC0_P32_LKPG13,S63_SC1_P53_LKPG16,S251_SC1_P34_LKPG11
162,S89_SC0_P51_LKPG4,S63_SC1_P54_LKPG16,S251_SC1_P35_LKPG11
163,S93_SC0_P55_LKPG4,S43_SC1_P11_LKPG8,S45_SC1_P56_LKPG2
164,S93_SC0_P56_LKPG4,S43_SC1_P14_LKPG8,S45_SC1_P57_LKPG2
165,S93_SC0_P52_LKPG4,S98_SC1_P74_LKPG4,S192_SC1_P76_LKPG7
166,S93_SC0_P53_LKPG4,S98_SC1_P76_LKPG4,S192_SC1_P77_LKPG7
167,S93_SC0_P54_LKPG4,S60_SC1_P32_LKPG8,S192_SC1_P78_LKPG7
168,S94_SC0_P57_LKPG4,S60_SC1_P33_LKPG8,S192_SC1_P79_LKPG7
169,S94_SC0_P60_LKPG4,S60_SC1_P34_LKPG8,S100_SC1_P89_LKPG4
170,S97_SC0_P70_LKPG4,S60_SC1_P36_LKPG8,S113_SC1_P38_LKPG5
171,S98_SC0_P75_LKPG4,S54_SC1_P83_LKPG15,S181_SC1_P99_LKPG7
172,S102_SC1_P91_LKPG4,S54_SC1_P86_LKPG15,S181_SC1_P1_LKPG8
173,S102_SC1_P95_LKPG4,S54_SC1_P87_LKPG15,S15_SC1_P95_LKPG15
174,S105_SC1_P5_LKPG5,S214_SC1_P96_LKPG13,S15_SC1_P96_LKPG15
175,S108_SC1_P44_LKPG13,S214_SC1_P99_LKPG13,S15_SC1_P98_LKPG15
176,S109_SC1_P21_LKPG5,S223_SC2_P98_LKPG8,S15_SC1_P1_LKPG16
177,S11_SC1_P55_LKPG1,S223_SC2_P99_LKPG8,S228_SC1_P23_LKPG9
178,S11_SC1_P57_LKPG1,S223_SC2_P5_LKPG9,S263_SC1_P74_LKPG10
179,S11_SC1_P54_LKPG1,S268_SC2_P94_LKPG10,S44_SC1_P65_LKPG2
180,S120_SC1_P41_LKPG16,S268_SC2_P99_LKPG10,S44_SC1_P66_LKPG2
181,S120_SC1_P42_LKPG16,S203_SC2_P72_LKPG16,S44_SC1_P61_LKPG2
182,S124_SC1_P70_LKPG5,S89_SC2_P49_LKPG4,S44_SC1_P62_LKPG2
183,S127_SC1_P48_LKPG15,S118_SC2_P47_LKPG5,S243_SC1_P98_LKPG9
184,S129_SC1_P91_LKPG5,S118_SC2_P48_LKPG5,S143_SC1_P49_LKPG6
185,S129_SC1_P87_LKPG5,S118_SC2_P49_LKPG5,S143_SC1_P50_LKPG6
186,S129_SC1_P88_LKPG5,S118_SC2_P51_LKPG5,S143_SC1_P51_LKPG6
187,S12_SC1_P59_LKPG1,S140_SC2_P57_LKPG13,S152_SC1_P67_LKPG11
188,S12_SC1_P61_LKPG1,S215_SC2_P47_LKPG12,S152_SC1_P68_LKPG11
189,S12_SC1_P62_LKPG1,S215_SC2_P43_LKPG12,S152_SC1_P69_LKPG11
190,S130_SC1_P95_LKPG5,S215_SC2_P44_LKPG12,S152_SC1_P70_LKPG11
191,S130_SC1_P96_LKPG5,S102_SC2_P92_LKPG4,S152_SC1_P71_LKPG11
192,S130_SC1_P1_LKPG6,S102_SC2_P94_LKPG4,S253_SC1_P29_LKPG11
193,S133_SC1_P16_LKPG6,S102_SC2_P90_LKPG4,S253_SC1_P30_LKPG11
194,S136_SC1_P25_LKPG6,S273_SC2_P13_LKPG11,S253_SC1_P26_LKPG11
195,S13_SC1_P66_LKPG1,S273_SC2_P14_LKPG11,S235_SC1_P57_LKPG9
196,S13_SC1_P67_LKPG1,S273_SC2_P15_LKPG11,S235_SC1_P58_LKPG9
197,S140_SC1_P58_LKPG13,S273_SC2_P16_LKPG11,S126_SC1_P75_LKPG5
198,S140_SC1_P59_LKPG13,S279_SC2_P20_LKPG12,S126_SC1_P76_LKPG5
199,S140_SC1_P60_LKPG13,S279_SC2_P21_LKPG12,S126_SC1_P79_LKPG5
200,S141_SC1_P38_LKPG6,S43_SC2_P12_LKPG8,S77_SC1_P2_LKPG12
201,S141_SC1_P39_LKPG6,S264_SC2_P79_LKPG10,S77_SC1_P5_LKPG12
202,S141_SC1_P40_LKPG6,S32_SC2_P83_LKPG3,S77_SC1_P6_LKPG12
203,S141_SC1_P41_LKPG6,S32_SC2_P80_LKPG3,S197_SC1_P87_LKPG7
204,S144_SC1_P67_LKPG13,S235_SC2_P59_LKPG9,S197_SC1_P88_LKPG7
205,S146_SC1_P62_LKPG6,S235_SC2_P60_LKPG9,S197_SC1_P90_LKPG7
206,S150_SC1_P74_LKPG6,S235_SC2_P61_LKPG9,S267_SC1_P62_LKPG12
207,S150_SC1_P71_LKPG6,S62_SC2_P98_LKPG2,S128_SC1_P83_LKPG5
208,S151_SC1_P75_LKPG6,S62_SC2_P99_LKPG2,S128_SC1_P84_LKPG5
209,S151_SC1_P76_LKPG6,S62_SC2_P4_LKPG3,S128_SC1_P80_LKPG5
210,S151_SC1_P77_LKPG6,S110_SC2_P29_LKPG5,S39_SC1_P29_LKPG2
211,S155_SC1_P70_LKPG13,S172_SC2_P37_LKPG7,S39_SC1_P30_LKPG2
212,S155_SC1_P71_LKPG13,S172_SC2_P36_LKPG7,S39_SC1_P25_LKPG2
213,S156_SC1_P91_LKPG6,S130_SC2_P94_LKPG5,S39_SC1_P26_LKPG2
214,S156_SC1_P87_LKPG6,S23_SC2_P41_LKPG3,S20_SC1_P84_LKPG2
215,S156_SC1_P88_LKPG6,S49_SC2_P37_LKPG2,S20_SC1_P85_LKPG2
216,S156_SC1_P89_LKPG6,S49_SC2_P36_LKPG2,S20_SC1_P92_LKPG13
217,S156_SC1_P90_LKPG6,S50_SC2_P34_LKPG2,S114_SC1_P73_LKPG11
218,S157_SC1_P92_LKPG6,S52_SC2_P91_LKPG1,S114_SC1_P74_LKPG11
219,S157_SC1_P94_LKPG6,S52_SC2_P89_LKPG1,S114_SC1_P76_LKPG11
220,S159_SC1_P99_LKPG6,S52_SC2_P90_LKPG1,S46_SC1_P51_LKPG2
221,S159_SC1_P2_LKPG7,S72_SC2_P99_LKPG3,S46_SC1_P52_LKPG2
222,S159_SC1_P4_LKPG7,S237_SC2_P66_LKPG9,S145_SC1_P57_LKPG6
223,S159_SC1_P5_LKPG7,S8_SC2_P40_LKPG1,S145_SC1_P54_LKPG6
224,S160_SC1_P12_LKPG7,S220_SC2_P68_LKPG14,S260_SC1_P66_LKPG10
225,S160_SC1_P9_LKPG7,S220_SC2_P69_LKPG14,S260_SC1_P67_LKPG10
226,S161_SC1_P17_LKPG7,S182_SC2_P50_LKPG7,S233_SC1_P56_LKPG9
227,S165_SC1_P29_LKPG7,S182_SC2_P53_LKPG7,S233_SC1_P52_LKPG9
228,S165_SC1_P24_LKPG7,S182_SC2_P54_LKPG7,S233_SC1_P53_LKPG9
229,S165_SC1_P25_LKPG7,S207_SC3_P50_LKPG8,S233_SC1_P54_LKPG9
230,S165_SC1_P26_LKPG7,S278_SC3_P15_LKPG9,S16_SC1_P72_LKPG1
231,S166_SC1_P87_LKPG12,S242_SC3_P94_LKPG9,S137_SC1_P39_LKPG15
232,S166_SC1_P89_LKPG12,S242_SC3_P95_LKPG9,S137_SC1_P40_LKPG15
233,S166_SC1_P87_LKPG16,S280_SC3_P35_LKPG13,S137_SC1_P42_LKPG15
234,S169_SC1_P55_LKPG12,S259_SC3_P56_LKPG10,S104_SC1_P76_LKPG12
235,S169_SC1_P56_LKPG12,S259_SC3_P59_LKPG10,S148_SC1_P37_LKPG16
236,S169_SC1_P54_LKPG12,,S148_SC1_P38_LKPG16
237,S169_SC1_P96_LKPG16,,S148_SC1_P39_LKPG16
238,S173_SC1_P37_LKPG11,,S154_SC1_P83_LKPG6
239,S173_SC1_P38_LKPG11,,S154_SC1_P85_LKPG6
240,S173_SC1_P40_LKPG11,,S154_SC1_P80_LKPG6
241,S174_SC1_P38_LKPG7,,S62_SC1_P2_LKPG3
242,S174_SC1_P40_LKPG7,,S283_SC1_P36_LKPG15
243,S174_SC1_P41_LKPG7,,S204_SC1_P37_LKPG8
244,S174_SC1_P42_LKPG7,,S204_SC1_P38_LKPG8
245,S175_SC1_P12_LKPG15,,S204_SC1_P39_LKPG8
246,S175_SC1_P13_LKPG15,,S204_SC1_P40_LKPG8
247,S175_SC1_P14_LKPG15,,S204_SC1_P41_LKPG8
248,S175_SC1_P15_LKPG15,,S247_SC1_P41_LKPG14
249,S178_SC1_P51_LKPG11,,S247_SC1_P43_LKPG14
250,S178_SC1_P52_LKPG11,,S247_SC1_P44_LKPG14
251,S178_SC1_P53_LKPG11,,S61_SC1_P91_LKPG2
252,S179_SC1_P83_LKPG11,,S61_SC1_P94_LKPG2
253,S17_SC1_P73_LKPG1,,S61_SC1_P95_LKPG2
254,S17_SC1_P74_LKPG1,,S61_SC1_P96_LKPG2
255,S180_SC1_P48_LKPG7,,S186_SC1_P65_LKPG11
256,S180_SC1_P44_LKPG7,,S78_SC1_P14_LKPG4
257,S183_SC1_P98_LKPG14,,S134_SC1_P47_LKPG13
258,S183_SC1_P2_LKPG15,,S134_SC1_P48_LKPG13
259,S185_SC1_P57_LKPG7,,S134_SC1_P49_LKPG13
260,S185_SC1_P58_LKPG7,,S271_SC1_P2_LKPG11
261,S194_SC1_P56_LKPG11,,S271_SC1_P5_LKPG11
262,S199_SC1_P92_LKPG7,,S216_SC1_P75_LKPG8
263,S199_SC1_P94_LKPG7,,S216_SC1_P77_LKPG8
264,S199_SC1_P95_LKPG7,,S216_SC1_P79_LKPG8
265,S19_SC1_P77_LKPG2,,S279_SC1_P19_LKPG12
266,S19_SC1_P78_LKPG2,,S203_SC1_P57_LKPG12
267,S19_SC1_P80_LKPG2,,S203_SC1_P73_LKPG16
268,S1_SC1_P1_LKPG1,,S203_SC1_P70_LKPG16
269,S1_SC1_P4_LKPG1,,S203_SC1_P71_LKPG16
270,S200_SC1_P47_LKPG11,,S22_SC2_P37_LKPG3
271,S200_SC1_P42_LKPG11,,S22_SC2_P39_LKPG3
272,S200_SC1_P44_LKPG11,,S22_SC2_P35_LKPG3
273,S201_SC1_P75_LKPG14,,S28_SC2_P61_LKPG3
274,S202_SC1_P83_LKPG14,,S76_SC2_P5_LKPG4
275,S202_SC1_P84_LKPG14,,S257_SC2_P50_LKPG10
276,S202_SC1_P85_LKPG14,,S86_SC2_P34_LKPG4
277,S202_SC1_P86_LKPG14,,S86_SC2_P35_LKPG4
278,S202_SC1_P80_LKPG14,,S159_SC2_P98_LKPG6
279,S205_SC1_P21_LKPG11,,S88_SC2_P41_LKPG4
280,S205_SC1_P22_LKPG11,,S88_SC2_P42_LKPG4
281,S205_SC1_P24_LKPG11,,S88_SC2_P43_LKPG4
282,S206_SC1_P43_LKPG8,,S88_SC2_P44_LKPG4
283,S206_SC1_P44_LKPG8,,S65_SC2_P11_LKPG3
284,S208_SC1_P57_LKPG8,,S65_SC2_P12_LKPG3
285,S209_SC1_P71_LKPG14,,S68_SC2_P29_LKPG13
286,S209_SC1_P72_LKPG14,,S68_SC2_P26_LKPG13
287,S210_SC1_P59_LKPG8,,S166_SC2_P86_LKPG12
288,S210_SC1_P51_LKPG8,,S166_SC2_P88_LKPG12
289,S210_SC1_P60_LKPG8,,S166_SC2_P90_LKPG12
290,S213_SC1_P73_LKPG8,,S166_SC2_P88_LKPG16
291,S217_SC1_P48_LKPG12,,S166_SC2_P89_LKPG16
292,S217_SC1_P67_LKPG16,,S103_SC2_P96_LKPG4
293,S218_SC1_P83_LKPG8,,S103_SC2_P98_LKPG4
294,S218_SC1_P86_LKPG8,,S103_SC2_P99_LKPG4
295,S219_SC1_P61_LKPG14,,S103_SC2_P1_LKPG5
296,S21_SC1_P88_LKPG2,,S103_SC2_P2_LKPG5
297,S21_SC1_P89_LKPG2,,S148_SC2_P40_LKPG16
298,S21_SC1_P90_LKPG2,,S169_SC2_P53_LKPG12
299,S221_SC1_P87_LKPG8,,S169_SC2_P95_LKPG16
300,S221_SC1_P89_LKPG8,,S186_SC2_P61_LKPG11
301,S221_SC1_P90_LKPG8,,S186_SC2_P62_LKPG11
302,S225_SC1_P11_LKPG9,,S260_SC2_P65_LKPG10
303,S225_SC1_P8_LKPG9,,S260_SC2_P61_LKPG10
304,S225_SC1_P9_LKPG9,,S260_SC2_P62_LKPG10
305,S227_SC1_P20_LKPG9,,S277_SC2_P33_LKPG6
306,S227_SC1_P18_LKPG9,,S277_SC2_P34_LKPG6
307,S229_SC1_P34_LKPG9,,S277_SC2_P35_LKPG6
308,S22_SC1_P38_LKPG3,,S236_SC2_P25_LKPG12
309,S22_SC1_P34_LKPG3,,S75_SC2_P74_LKPG15
310,S22_SC1_P36_LKPG3,,S75_SC2_P72_LKPG15
311,S230_SC1_P35_LKPG9,,S262_SC2_P33_LKPG14
312,S230_SC1_P36_LKPG9,,S262_SC2_P34_LKPG14
313,S232_SC1_P47_LKPG9,,S84_SC2_P16_LKPG12
314,S232_SC1_P49_LKPG9,,S84_SC2_P18_LKPG12
315,S232_SC1_P50_LKPG9,,S267_SC2_P74_LKPG16
316,S234_SC1_P49_LKPG14,,S267_SC2_P75_LKPG16
317,S234_SC1_P50_LKPG14,,S80_SC2_P15_LKPG4
318,S234_SC1_P51_LKPG14,,S80_SC2_P17_LKPG4
319,S234_SC1_P52_LKPG14,,S243_SC2_P99_LKPG9
320,S236_SC1_P24_LKPG12,,S281_SC2_P19_LKPG14
321,S236_SC1_P26_LKPG12,,S281_SC2_P20_LKPG14
322,S236_SC1_P92_LKPG16,,S42_SC2_P68_LKPG2
323,S238_SC1_P72_LKPG9,,S42_SC2_P69_LKPG2
324,S239_SC1_P74_LKPG9,,S42_SC2_P71_LKPG2
325,S239_SC1_P75_LKPG9,,S209_SC2_P70_LKPG14
326,S239_SC1_P77_LKPG9,,S271_SC2_P4_LKPG11
327,S239_SC1_P78_LKPG9,,S132_SC2_P8_LKPG6
328,S240_SC1_P83_LKPG9,,S132_SC2_P9_LKPG6
329,S240_SC1_P85_LKPG9,,S189_SC2_P68_LKPG7
330,S240_SC1_P80_LKPG9,,S258_SC2_P55_LKPG10
331,S244_SC1_P5_LKPG10,,S258_SC2_P51_LKPG10
332,S244_SC1_P6_LKPG10,,S258_SC2_P52_LKPG10
333,S244_SC1_P8_LKPG10,,S258_SC2_P53_LKPG10
334,S244_SC1_P9_LKPG10,,S250_SC2_P24_LKPG10
335,S245_SC1_P37_LKPG14,,S207_SC2_P49_LKPG8
336,S245_SC1_P39_LKPG14,,S207_SC2_P61_LKPG8
337,S249_SC1_P19_LKPG10,,S207_SC2_P53_LKPG8
338,S249_SC1_P20_LKPG10,,S207_SC2_P62_LKPG8
339,S249_SC1_P21_LKPG10,,S108_SC2_P40_LKPG13
340,S249_SC1_P17_LKPG10,,S108_SC2_P41_LKPG13
341,S249_SC1_P18_LKPG10,,S108_SC2_P42_LKPG13
342,S250_SC1_P25_LKPG10,,S16_SC2_P70_LKPG1
343,S255_SC1_P36_LKPG10,,S16_SC2_P71_LKPG1
344,S25_SC1_P55_LKPG3,,S53_SC2_P99_LKPG1
345,S25_SC1_P52_LKPG3,,S66_SC2_P13_LKPG13
346,S25_SC1_P53_LKPG3,,S66_SC2_P14_LKPG13
347,S262_SC1_P32_LKPG14,,S66_SC2_P15_LKPG13
348,S262_SC1_P35_LKPG14,,S66_SC2_P16_LKPG13
349,S264_SC1_P83_LKPG10,,S280_SC2_P36_LKPG13
350,S264_SC1_P78_LKPG10,,S5_SC2_P29_LKPG1
351,S264_SC1_P80_LKPG10,,S5_SC2_P25_LKPG1
352,S265_SC1_P84_LKPG10,,S5_SC2_P26_LKPG1
353,S265_SC1_P85_LKPG10,,S158_SC2_P74_LKPG13
354,S265_SC1_P86_LKPG10,,S201_SC2_P76_LKPG14
355,S272_SC1_P8_LKPG11,,S201_SC2_P77_LKPG14
356,S276_SC1_P29_LKPG3,,S201_SC2_P78_LKPG14
357,S276_SC1_P23_LKPG3,,S201_SC2_P79_LKPG14
358,S276_SC1_P24_LKPG3,,S220_SC3_P65_LKPG14
359,S276_SC1_P25_LKPG3,,S220_SC3_P66_LKPG14
360,S277_SC1_P37_LKPG6,,S220_SC3_P67_LKPG14
361,S277_SC1_P36_LKPG6,,S166_SC3_P86_LKPG16
362,S27_SC1_P4_LKPG16,,S118_SC3_P50_LKPG5
363,S27_SC1_P5_LKPG16,,S49_SC3_P38_LKPG2
364,S27_SC1_P8_LKPG16,,S49_SC3_P39_LKPG2
365,S280_SC1_P37_LKPG13,,S182_SC3_P51_LKPG7
366,S280_SC1_P38_LKPG13,,S208_SC3_P54_LKPG8
367,S28_SC1_P65_LKPG3,,S126_SC3_P77_LKPG5
368,S28_SC1_P60_LKPG3,,S254_SC3_P76_LKPG16
369,S28_SC1_P62_LKPG3,,S254_SC3_P77_LKPG16
370,S29_SC1_P66_LKPG3,,S254_SC3_P78_LKPG16
371,S29_SC1_P67_LKPG3,,S254_SC3_P79_LKPG16
372,S29_SC1_P68_LKPG3,,
373,S29_SC1_P69_LKPG3,,
374,S30_SC1_P73_LKPG3,,
375,S30_SC1_P70_LKPG3,,
376,S30_SC1_P71_LKPG3,,
377,S30_SC1_P72_LKPG3,,
378,S34_SC1_P91_LKPG15,,
379,S34_SC1_P92_LKPG15,,
380,S34_SC1_P89_LKPG15,,
381,S34_SC1_P90_LKPG15,,
382,S36_SC1_P95_LKPG3,,
383,S37_SC1_P89_LKPG3,,
384,S3_SC1_P17_LKPG1,,
385,S42_SC1_P67_LKPG2,,
386,S42_SC1_P70_LKPG2,,
387,S47_SC1_P47_LKPG2,,
388,S47_SC1_P48_LKPG2,,
389,S47_SC1_P49_LKPG2,,
390,S47_SC1_P50_LKPG2,,
391,S48_SC1_P40_LKPG2,,
392,S48_SC1_P41_LKPG2,,
393,S50_SC1_P31_LKPG2,,
394,S50_SC1_P33_LKPG2,,
395,S51_SC1_P88_LKPG1,,
396,S53_SC1_P95_LKPG1,,
397,S53_SC1_P96_LKPG1,,
398,S53_SC1_P98_LKPG1,,
399,S53_SC1_P1_LKPG2,,
400,S53_SC1_P88_LKPG15,,
401,S57_SC1_P11_LKPG2,,
402,S57_SC1_P14_LKPG2,,
403,S57_SC1_P9_LKPG2,,
404,S64_SC1_P5_LKPG3,,
405,S66_SC1_P17_LKPG13,,
406,S6_SC1_P30_LKPG1,,
407,S6_SC1_P31_LKPG1,,
408,S6_SC1_P33_LKPG1,,
409,S72_SC1_P96_LKPG3,,
410,S72_SC1_P98_LKPG3,,
411,S72_SC1_P2_LKPG4,,
412,S74_SC1_P19_LKPG16,,
413,S75_SC1_P73_LKPG15,,
414,S75_SC1_P75_LKPG15,,
415,S75_SC1_P71_LKPG15,,
416,S76_SC1_P4_LKPG4,,
417,S76_SC1_P8_LKPG4,,
418,S80_SC1_P16_LKPG4,,
419,S80_SC1_P18_LKPG4,,
420,S82_SC1_P20_LKPG16,,
421,S82_SC1_P21_LKPG16,,
422,S83_SC1_P30_LKPG4,,
423,S83_SC1_P25_LKPG4,,
424,S83_SC1_P26_LKPG4,,
425,S85_SC1_P30_LKPG13,,
426,S85_SC1_P33_LKPG13,,
427,S85_SC1_P34_LKPG13,,
428,S86_SC1_P32_LKPG4,,
429,S86_SC1_P33_LKPG4,,
430,S86_SC1_P36_LKPG4,,
431,S87_SC1_P37_LKPG4,,
432,S87_SC1_P38_LKPG4,,
433,S87_SC1_P39_LKPG4,,
434,S90_SC1_P19_LKPG8,,
435,S92_SC1_P95_LKPG11,,
436,S92_SC1_P1_LKPG12,,
437,S94_SC1_P58_LKPG4,,
438,S107_SC2_P18_LKPG5,,
439,S109_SC2_P23_LKPG5,,
440,S112_SC2_P49_LKPG16,,
441,S112_SC2_P50_LKPG16,,
442,S113_SC2_P37_LKPG5,,
443,S113_SC2_P40_LKPG5,,
444,S113_SC2_P36_LKPG5,,
445,S114_SC2_P72_LKPG11,,
446,S120_SC2_P43_LKPG16,,
447,S120_SC2_P44_LKPG16,,
448,S124_SC2_P66_LKPG5,,
449,S124_SC2_P67_LKPG5,,
450,S126_SC2_P78_LKPG5,,
451,S12_SC2_P60_LKPG1,,
452,S131_SC2_P4_LKPG6,,
453,S131_SC2_P5_LKPG6,,
454,S133_SC2_P12_LKPG6,,
455,S133_SC2_P13_LKPG6,,
456,S133_SC2_P14_LKPG6,,
457,S133_SC2_P15_LKPG6,,
458,S134_SC2_P50_LKPG13,,
459,S136_SC2_P21_LKPG6,,
460,S136_SC2_P22_LKPG6,,
461,S136_SC2_P24_LKPG6,,
462,S139_SC2_P55_LKPG13,,
463,S139_SC2_P52_LKPG13,,
464,S145_SC2_P55_LKPG6,,
465,S145_SC2_P56_LKPG6,,
466,S145_SC2_P53_LKPG6,,
467,S146_SC2_P58_LKPG6,,
468,S146_SC2_P59_LKPG6,,
469,S146_SC2_P60_LKPG6,,
470,S150_SC2_P70_LKPG6,,
471,S150_SC2_P72_LKPG6,,
472,S153_SC2_P29_LKPG15,,
473,S153_SC2_P23_LKPG15,,
474,S153_SC2_P24_LKPG15,,
475,S153_SC2_P25_LKPG15,,
476,S153_SC2_P26_LKPG15,,
477,S154_SC2_P84_LKPG6,,
478,S157_SC2_P95_LKPG6,,
479,S157_SC2_P96_LKPG6,,
480,S157_SC2_P1_LKPG7,,
481,S161_SC2_P13_LKPG7,,
482,S161_SC2_P14_LKPG7,,
483,S161_SC2_P15_LKPG7,,
484,S161_SC2_P16_LKPG7,,
485,S163_SC2_P8_LKPG13,,
486,S163_SC2_P9_LKPG13,,
487,S165_SC2_P23_LKPG7,,
488,S170_SC2_P84_LKPG13,,
489,S174_SC2_P39_LKPG7,,
490,S176_SC2_P85_LKPG13,,
491,S176_SC2_P86_LKPG13,,
492,S176_SC2_P87_LKPG13,,
493,S176_SC2_P88_LKPG13,,
494,S179_SC2_P78_LKPG11,,
495,S179_SC2_P79_LKPG11,,
496,S17_SC2_P75_LKPG1,,
497,S17_SC2_P76_LKPG1,,
498,S185_SC2_P55_LKPG7,,
499,S185_SC2_P56_LKPG7,,
500,S185_SC2_P59_LKPG7,,
501,S188_SC2_P92_LKPG14,,
502,S188_SC2_P96_LKPG14,,
503,S192_SC2_P75_LKPG7,,
504,S194_SC2_P55_LKPG11,,
505,S199_SC2_P96_LKPG7,,
506,S19_SC2_P83_LKPG2,,
507,S1_SC2_P2_LKPG1,,
508,S1_SC2_P5_LKPG1,,
509,S1_SC2_P6_LKPG1,,
510,S200_SC2_P43_LKPG11,,
511,S205_SC2_P23_LKPG11,,
512,S206_SC2_P47_LKPG8,,
513,S206_SC2_P42_LKPG8,,
514,S208_SC2_P56_LKPG8,,
515,S208_SC2_P58_LKPG8,,
516,S212_SC2_P67_LKPG8,,
517,S212_SC2_P68_LKPG8,,
518,S213_SC2_P74_LKPG8,,
519,S213_SC2_P70_LKPG8,,
520,S213_SC2_P71_LKPG8,,
521,S218_SC2_P80_LKPG8,,
522,S21_SC2_P87_LKPG2,,
523,S226_SC2_P56_LKPG14,,
524,S227_SC2_P19_LKPG9,,
525,S227_SC2_P21_LKPG9,,
526,S231_SC2_P40_LKPG9,,
527,S231_SC2_P41_LKPG9,,
528,S231_SC2_P42_LKPG9,,
529,S231_SC2_P43_LKPG9,,
530,S231_SC2_P44_LKPG9,,
531,S242_SC2_P91_LKPG9,,
532,S242_SC2_P92_LKPG9,,
533,S242_SC2_P96_LKPG9,,
534,S246_SC2_P95_LKPG12,,
535,S248_SC2_P16_LKPG10,,
536,S252_SC2_P29_LKPG10,,
537,S252_SC2_P30_LKPG10,,
538,S252_SC2_P32_LKPG10,,
539,S253_SC2_P25_LKPG11,,
540,S254_SC2_P70_LKPG12,,
541,S254_SC2_P71_LKPG12,,
542,S256_SC2_P39_LKPG10,,
543,S256_SC2_P42_LKPG10,,
544,S259_SC2_P57_LKPG10,,
545,S259_SC2_P58_LKPG10,,
546,S259_SC2_P60_LKPG10,,
547,S265_SC2_P87_LKPG10,,
548,S270_SC2_P89_LKPG11,,
549,S275_SC2_P29_LKPG16,,
550,S275_SC2_P25_LKPG16,,
551,S275_SC2_P26_LKPG16,,
552,S278_SC2_P13_LKPG9,,
553,S278_SC2_P14_LKPG9,,
554,S278_SC2_P16_LKPG9,,
555,S282_SC2_P11_LKPG15,,
556,S282_SC2_P5_LKPG15,,
557,S282_SC2_P6_LKPG15,,
558,S282_SC2_P8_LKPG15,,
559,S282_SC2_P9_LKPG15,,
560,S35_SC2_P85_LKPG3,,
561,S35_SC2_P86_LKPG3,,
562,S35_SC2_P87_LKPG3,,
563,S54_SC2_P84_LKPG15,,
564,S54_SC2_P85_LKPG15,,
565,S64_SC2_P6_LKPG3,,
566,S64_SC2_P8_LKPG3,,
567,S64_SC2_P9_LKPG3,,
568,S78_SC2_P11_LKPG4,,
569,S78_SC2_P12_LKPG4,,
570,S78_SC2_P13_LKPG4,,
571,S83_SC2_P29_LKPG4,,
572,S98_SC2_P73_LKPG4,,
573,S98_SC2_P77_LKPG4,,
574,S99_SC2_P80_LKPG4,,
575,S9_SC2_P47_LKPG1,,
576,S9_SC2_P48_LKPG1,,
577,S9_SC2_P43_LKPG1,,
578,S132_SC3_P6_LKPG6,,
579,S146_SC3_P61_LKPG6,,
580,S179_SC3_P80_LKPG11,,
581,S194_SC3_P57_LKPG11,,
582,S194_SC3_P58_LKPG11,,
583,S212_SC3_P66_LKPG8,,
584,S237_SC3_P65_LKPG9,,
585,S237_SC3_P67_LKPG9,,
586,S237_SC3_P68_LKPG9,,
587,S237_SC3_P62_LKPG9,,
588,S246_SC3_P92_LKPG12,,
589,S246_SC3_P90_LKPG16,,
590,S250_SC3_P22_LKPG10,,
591,S250_SC3_P23_LKPG10,,
592,S250_SC3_P26_LKPG10,,
593,S258_SC3_P54_LKPG10,,
594,S264_SC3_P77_LKPG10,,
595,S35_SC3_P88_LKPG3,,
596,S5_SC3_P24_LKPG1,,
597,S84_SC3_P14_LKPG12,,
598,S84_SC3_P15_LKPG12,,
599,S84_SC3_P17_LKPG12,,
